/*
# Insert all missing seed data

Inserts programs, semesters, subjects, students, rooms, registrations,
arrear registrations, hall tickets, seat allocations, question papers,
questions, mark entries, revaluation requests, results, and reports.
All foreign keys reference existing department/academic_year/exam_type IDs.
Uses ON CONFLICT DO NOTHING for idempotency.
*/

-- Programs (using e-prefix style but valid hex: 00000002 prefix)
INSERT INTO programs (id, code, name, department_id, duration_years, status) VALUES
  ('00000002-0000-0000-0000-000000000001','BTECH-CSE','B.Tech Computer Science','d1000000-0000-0000-0000-000000000001',4,'active'),
  ('00000002-0000-0000-0000-000000000002','BTECH-ECE','B.Tech Electronics','d1000000-0000-0000-0000-000000000002',4,'active'),
  ('00000002-0000-0000-0000-000000000003','BTECH-MECH','B.Tech Mechanical','d1000000-0000-0000-0000-000000000003',4,'active'),
  ('00000002-0000-0000-0000-000000000004','MTECH-CSE','M.Tech Computer Science','d1000000-0000-0000-0000-000000000001',2,'active'),
  ('00000002-0000-0000-0000-000000000005','MBA-GEN','MBA General Management','d1000000-0000-0000-0000-000000000006',2,'active')
ON CONFLICT (id) DO NOTHING;

-- Semesters
INSERT INTO semesters (id, name, academic_year_id, start_date, end_date, status) VALUES
  ('00000004-0000-0000-0000-000000000001','Semester 1','a1000000-0000-0000-0000-000000000001','2024-06-01','2024-11-30','inactive'),
  ('00000004-0000-0000-0000-000000000002','Semester 2','a1000000-0000-0000-0000-000000000001','2024-12-01','2025-04-30','inactive'),
  ('00000004-0000-0000-0000-000000000003','Semester 3','a1000000-0000-0000-0000-000000000001','2024-06-01','2024-11-30','inactive'),
  ('00000004-0000-0000-0000-000000000004','Semester 4','a1000000-0000-0000-0000-000000000001','2024-12-01','2025-04-30','inactive'),
  ('00000004-0000-0000-0000-000000000005','Semester 5','a1000000-0000-0000-0000-000000000001','2024-06-01','2024-11-30','inactive'),
  ('00000004-0000-0000-0000-000000000006','Semester 6','a1000000-0000-0000-0000-000000000001','2024-12-01','2025-04-30','active')
ON CONFLICT (id) DO NOTHING;

-- Subjects (10 subjects: CSE + ECE)
INSERT INTO subjects (id, code, name, credits, department_id, program_id, semester_number) VALUES
  ('00000005-0000-0000-0000-000000000001','CS201','Data Structures & Algorithms',4,'d1000000-0000-0000-0000-000000000001','00000002-0000-0000-0000-000000000001',3),
  ('00000005-0000-0000-0000-000000000002','CS202','Database Management Systems',4,'d1000000-0000-0000-0000-000000000001','00000002-0000-0000-0000-000000000001',3),
  ('00000005-0000-0000-0000-000000000003','CS301','Operating Systems',3,'d1000000-0000-0000-0000-000000000001','00000002-0000-0000-0000-000000000001',5),
  ('00000005-0000-0000-0000-000000000004','CS302','Computer Networks',3,'d1000000-0000-0000-0000-000000000001','00000002-0000-0000-0000-000000000001',5),
  ('00000005-0000-0000-0000-000000000005','CS601','Machine Learning',4,'d1000000-0000-0000-0000-000000000001','00000002-0000-0000-0000-000000000001',6),
  ('00000005-0000-0000-0000-000000000006','CS602','Cloud Computing',3,'d1000000-0000-0000-0000-000000000001','00000002-0000-0000-0000-000000000001',6),
  ('00000005-0000-0000-0000-000000000007','CS603','Software Engineering',3,'d1000000-0000-0000-0000-000000000001','00000002-0000-0000-0000-000000000001',6),
  ('00000005-0000-0000-0000-000000000008','EC201','Digital Electronics',4,'d1000000-0000-0000-0000-000000000002','00000002-0000-0000-0000-000000000002',3),
  ('00000005-0000-0000-0000-000000000009','EC601','VLSI Design',4,'d1000000-0000-0000-0000-000000000002','00000002-0000-0000-0000-000000000002',6),
  ('00000005-0000-0000-0000-000000000010','EC602','Embedded Systems',3,'d1000000-0000-0000-0000-000000000002','00000002-0000-0000-0000-000000000002',6)
ON CONFLICT (id) DO NOTHING;

-- Exam Rooms (7 rooms)
INSERT INTO exam_rooms (id, name, building, floor, capacity, facilities, status) VALUES
  ('00000006-0000-0000-0000-000000000001','Room 101','Main Block','Ground',40,'{"Projector","AC","CCTV"}','occupied'),
  ('00000006-0000-0000-0000-000000000002','Room 102','Main Block','Ground',50,'{"Projector","AC"}','occupied'),
  ('00000006-0000-0000-0000-000000000003','Room 201','Main Block','First',45,'{"Projector","AC","CCTV"}','available'),
  ('00000006-0000-0000-0000-000000000004','Hall A','Exam Hall','Ground',120,'{"Projector","AC","CCTV","Mic"}','occupied'),
  ('00000006-0000-0000-0000-000000000005','Hall B','Exam Hall','Ground',100,'{"Projector","AC"}','available'),
  ('00000006-0000-0000-0000-000000000006','Room 301','Science Block','Third',60,'{"AC","CCTV","Whiteboard"}','available'),
  ('00000006-0000-0000-0000-000000000007','Computer Lab 1','Tech Block','Ground',35,'{"Computers","AC","CCTV","Projector"}','maintenance')
ON CONFLICT (id) DO NOTHING;

-- Students (20 students across CSE, ECE, MECH)
INSERT INTO students (id, roll_no, name, email, phone, program_id, academic_year_id, current_semester, attendance_pct, fee_due, internal_marks_pct, eligibility_status, status) VALUES
  ('00000007-0000-0000-0000-000000000001','21CS001','Rahul Sharma','rahul.sharma@abc.edu','9876543210','00000002-0000-0000-0000-000000000001','a1000000-0000-0000-0000-000000000001',6,85.5,0,78,'approved','active'),
  ('00000007-0000-0000-0000-000000000002','21CS002','Priya Patel','priya.patel@abc.edu','9876543211','00000002-0000-0000-0000-000000000001','a1000000-0000-0000-0000-000000000001',6,72.3,2400,65,'pending','active'),
  ('00000007-0000-0000-0000-000000000003','21CS003','Amit Kumar','amit.kumar@abc.edu','9876543212','00000002-0000-0000-0000-000000000001','a1000000-0000-0000-0000-000000000001',6,44.2,3600,42,'rejected','active'),
  ('00000007-0000-0000-0000-000000000004','21CS004','Sneha Reddy','sneha.reddy@abc.edu','9876543213','00000002-0000-0000-0000-000000000001','a1000000-0000-0000-0000-000000000001',6,91.8,0,88,'approved','active'),
  ('00000007-0000-0000-0000-000000000005','21CS005','Vikram Singh','vikram.singh@abc.edu','9876543214','00000002-0000-0000-0000-000000000001','a1000000-0000-0000-0000-000000000001',6,68.4,1200,59,'pending','active'),
  ('00000007-0000-0000-0000-000000000006','21CS006','Deepa Nair','deepa.nair@abc.edu','9876543215','00000002-0000-0000-0000-000000000001','a1000000-0000-0000-0000-000000000001',6,88.9,0,82,'approved','active'),
  ('00000007-0000-0000-0000-000000000007','21EC001','Anjali Verma','anjali.verma@abc.edu','9876543216','00000002-0000-0000-0000-000000000002','a1000000-0000-0000-0000-000000000001',6,78.6,0,74,'approved','active'),
  ('00000007-0000-0000-0000-000000000008','21EC002','Rohan Gupta','rohan.gupta@abc.edu','9876543217','00000002-0000-0000-0000-000000000002','a1000000-0000-0000-0000-000000000001',6,55.3,1800,48,'pending','active'),
  ('00000007-0000-0000-0000-000000000009','21EC003','Pooja Krishnan','pooja.k@abc.edu','9876543218','00000002-0000-0000-0000-000000000002','a1000000-0000-0000-0000-000000000001',6,82.1,0,77,'approved','active'),
  ('00000007-0000-0000-0000-000000000010','21EC004','Arjun Pillai','arjun.pillai@abc.edu','9876543219','00000002-0000-0000-0000-000000000002','a1000000-0000-0000-0000-000000000001',6,94.2,0,91,'approved','active'),
  ('00000007-0000-0000-0000-000000000011','20CS045','Kiran Das','kiran.das@abc.edu','9876543220','00000002-0000-0000-0000-000000000001','a1000000-0000-0000-0000-000000000001',7,75.0,0,52,'approved','active'),
  ('00000007-0000-0000-0000-000000000012','20CS067','Meena Jaya','meena.jaya@abc.edu','9876543221','00000002-0000-0000-0000-000000000001','a1000000-0000-0000-0000-000000000001',7,79.3,600,61,'pending','active'),
  ('00000007-0000-0000-0000-000000000013','21CS007','Naveen Raj','naveen.raj@abc.edu','9876543222','00000002-0000-0000-0000-000000000001','a1000000-0000-0000-0000-000000000001',6,80.0,0,73,'approved','active'),
  ('00000007-0000-0000-0000-000000000014','21CS008','Shalini Menon','shalini.menon@abc.edu','9876543223','00000002-0000-0000-0000-000000000001','a1000000-0000-0000-0000-000000000001',6,92.5,0,86,'approved','active'),
  ('00000007-0000-0000-0000-000000000015','21CS009','Tarun Bose','tarun.bose@abc.edu','9876543224','00000002-0000-0000-0000-000000000001','a1000000-0000-0000-0000-000000000001',6,61.1,900,55,'pending','active'),
  ('00000007-0000-0000-0000-000000000016','21EC005','Divya Anand','divya.anand@abc.edu','9876543225','00000002-0000-0000-0000-000000000002','a1000000-0000-0000-0000-000000000001',6,87.3,0,80,'approved','active'),
  ('00000007-0000-0000-0000-000000000017','21EC006','Suresh Kumar','suresh.kumar@abc.edu','9876543226','00000002-0000-0000-0000-000000000002','a1000000-0000-0000-0000-000000000001',6,73.8,600,68,'approved','active'),
  ('00000007-0000-0000-0000-000000000018','21ME001','Ravi Teja','ravi.teja@abc.edu','9876543227','00000002-0000-0000-0000-000000000003','a1000000-0000-0000-0000-000000000001',6,76.4,0,71,'approved','active'),
  ('00000007-0000-0000-0000-000000000019','21ME002','Lakshmi Priya','lakshmi.priya@abc.edu','9876543228','00000002-0000-0000-0000-000000000003','a1000000-0000-0000-0000-000000000001',6,83.0,0,76,'approved','active'),
  ('00000007-0000-0000-0000-000000000020','21CS010','Harsh Vardhan','harsh.vardhan@abc.edu','9876543229','00000002-0000-0000-0000-000000000001','a1000000-0000-0000-0000-000000000001',6,47.5,4800,38,'rejected','active')
ON CONFLICT (id) DO NOTHING;

-- Registrations (15 students)
INSERT INTO registrations (student_id, academic_year_id, semester_number, exam_type_id, subject_ids, fee_amount, fee_status, status) VALUES
  ('00000007-0000-0000-0000-000000000001','a1000000-0000-0000-0000-000000000001',6,'e1000000-0000-0000-0000-000000000003','{"00000005-0000-0000-0000-000000000005","00000005-0000-0000-0000-000000000006","00000005-0000-0000-0000-000000000007"}',3600,'paid','approved'),
  ('00000007-0000-0000-0000-000000000002','a1000000-0000-0000-0000-000000000001',6,'e1000000-0000-0000-0000-000000000003','{"00000005-0000-0000-0000-000000000005","00000005-0000-0000-0000-000000000006","00000005-0000-0000-0000-000000000007"}',3600,'pending','pending'),
  ('00000007-0000-0000-0000-000000000004','a1000000-0000-0000-0000-000000000001',6,'e1000000-0000-0000-0000-000000000003','{"00000005-0000-0000-0000-000000000005","00000005-0000-0000-0000-000000000006","00000005-0000-0000-0000-000000000007"}',3600,'paid','approved'),
  ('00000007-0000-0000-0000-000000000005','a1000000-0000-0000-0000-000000000001',6,'e1000000-0000-0000-0000-000000000003','{"00000005-0000-0000-0000-000000000005","00000005-0000-0000-0000-000000000006"}',2400,'pending','pending'),
  ('00000007-0000-0000-0000-000000000006','a1000000-0000-0000-0000-000000000001',6,'e1000000-0000-0000-0000-000000000003','{"00000005-0000-0000-0000-000000000005","00000005-0000-0000-0000-000000000006","00000005-0000-0000-0000-000000000007"}',3600,'paid','approved'),
  ('00000007-0000-0000-0000-000000000007','a1000000-0000-0000-0000-000000000001',6,'e1000000-0000-0000-0000-000000000003','{"00000005-0000-0000-0000-000000000009","00000005-0000-0000-0000-000000000010"}',2400,'waived','approved'),
  ('00000007-0000-0000-0000-000000000008','a1000000-0000-0000-0000-000000000001',6,'e1000000-0000-0000-0000-000000000003','{"00000005-0000-0000-0000-000000000009","00000005-0000-0000-0000-000000000010"}',2400,'pending','rejected'),
  ('00000007-0000-0000-0000-000000000009','a1000000-0000-0000-0000-000000000001',6,'e1000000-0000-0000-0000-000000000003','{"00000005-0000-0000-0000-000000000009","00000005-0000-0000-0000-000000000010"}',2400,'paid','approved'),
  ('00000007-0000-0000-0000-000000000010','a1000000-0000-0000-0000-000000000001',6,'e1000000-0000-0000-0000-000000000003','{"00000005-0000-0000-0000-000000000009","00000005-0000-0000-0000-000000000010"}',2400,'paid','approved'),
  ('00000007-0000-0000-0000-000000000013','a1000000-0000-0000-0000-000000000001',6,'e1000000-0000-0000-0000-000000000003','{"00000005-0000-0000-0000-000000000005","00000005-0000-0000-0000-000000000006","00000005-0000-0000-0000-000000000007"}',3600,'paid','approved'),
  ('00000007-0000-0000-0000-000000000014','a1000000-0000-0000-0000-000000000001',6,'e1000000-0000-0000-0000-000000000003','{"00000005-0000-0000-0000-000000000005","00000005-0000-0000-0000-000000000006","00000005-0000-0000-0000-000000000007"}',3600,'paid','approved'),
  ('00000007-0000-0000-0000-000000000015','a1000000-0000-0000-0000-000000000001',6,'e1000000-0000-0000-0000-000000000003','{"00000005-0000-0000-0000-000000000005","00000005-0000-0000-0000-000000000006"}',2400,'pending','pending'),
  ('00000007-0000-0000-0000-000000000016','a1000000-0000-0000-0000-000000000001',6,'e1000000-0000-0000-0000-000000000003','{"00000005-0000-0000-0000-000000000009","00000005-0000-0000-0000-000000000010"}',2400,'paid','approved'),
  ('00000007-0000-0000-0000-000000000017','a1000000-0000-0000-0000-000000000001',6,'e1000000-0000-0000-0000-000000000003','{"00000005-0000-0000-0000-000000000009","00000005-0000-0000-0000-000000000010"}',2400,'paid','approved'),
  ('00000007-0000-0000-0000-000000000020','a1000000-0000-0000-0000-000000000001',6,'e1000000-0000-0000-0000-000000000003','{"00000005-0000-0000-0000-000000000005"}',1200,'pending','pending');

-- Arrear Registrations
INSERT INTO arrear_registrations (student_id, subject_id, original_semester, attempt_number, fee_amount, status) VALUES
  ('00000007-0000-0000-0000-000000000011','00000005-0000-0000-0000-000000000001',3,2,600,'approved'),
  ('00000007-0000-0000-0000-000000000012','00000005-0000-0000-0000-000000000003',5,3,600,'pending'),
  ('00000007-0000-0000-0000-000000000008','00000005-0000-0000-0000-000000000008',3,2,600,'approved'),
  ('00000007-0000-0000-0000-000000000003','00000005-0000-0000-0000-000000000005',5,2,600,'pending'),
  ('00000007-0000-0000-0000-000000000015','00000005-0000-0000-0000-000000000004',5,2,600,'approved');

-- Hall Tickets (10 tickets)
INSERT INTO hall_tickets (id, student_id, academic_year_id, semester_number, status, qr_code, generated_at) VALUES
  ('00000008-0000-0000-0000-000000000001','00000007-0000-0000-0000-000000000001','a1000000-0000-0000-0000-000000000001',6,'downloaded','QR-21CS001-SEM6-2024','2024-03-20T10:00:00Z'),
  ('00000008-0000-0000-0000-000000000002','00000007-0000-0000-0000-000000000002','a1000000-0000-0000-0000-000000000001',6,'generated','QR-21CS002-SEM6-2024','2024-03-20T10:05:00Z'),
  ('00000008-0000-0000-0000-000000000003','00000007-0000-0000-0000-000000000004','a1000000-0000-0000-0000-000000000001',6,'downloaded','QR-21CS004-SEM6-2024','2024-03-20T10:10:00Z'),
  ('00000008-0000-0000-0000-000000000004','00000007-0000-0000-0000-000000000007','a1000000-0000-0000-0000-000000000001',6,'generated','QR-21EC001-SEM6-2024','2024-03-20T10:15:00Z'),
  ('00000008-0000-0000-0000-000000000005','00000007-0000-0000-0000-000000000006','a1000000-0000-0000-0000-000000000001',6,'downloaded','QR-21CS006-SEM6-2024','2024-03-21T09:00:00Z'),
  ('00000008-0000-0000-0000-000000000006','00000007-0000-0000-0000-000000000009','a1000000-0000-0000-0000-000000000001',6,'generated','QR-21EC003-SEM6-2024','2024-03-21T09:10:00Z'),
  ('00000008-0000-0000-0000-000000000007','00000007-0000-0000-0000-000000000010','a1000000-0000-0000-0000-000000000001',6,'downloaded','QR-21EC004-SEM6-2024','2024-03-21T09:20:00Z'),
  ('00000008-0000-0000-0000-000000000008','00000007-0000-0000-0000-000000000013','a1000000-0000-0000-0000-000000000001',6,'generated','QR-21CS007-SEM6-2024','2024-03-21T09:30:00Z'),
  ('00000008-0000-0000-0000-000000000009','00000007-0000-0000-0000-000000000014','a1000000-0000-0000-0000-000000000001',6,'downloaded','QR-21CS008-SEM6-2024','2024-03-21T09:40:00Z'),
  ('00000008-0000-0000-0000-000000000010','00000007-0000-0000-0000-000000000016','a1000000-0000-0000-0000-000000000001',6,'pending',NULL,NULL)
ON CONFLICT (id) DO NOTHING;

-- Hall Ticket Subjects
INSERT INTO hall_ticket_subjects (hall_ticket_id, subject_id, exam_date, exam_time, venue) VALUES
  ('00000008-0000-0000-0000-000000000001','00000005-0000-0000-0000-000000000005','2024-04-15','09:00 - 12:00','Hall A'),
  ('00000008-0000-0000-0000-000000000001','00000005-0000-0000-0000-000000000006','2024-04-16','09:00 - 12:00','Room 101'),
  ('00000008-0000-0000-0000-000000000001','00000005-0000-0000-0000-000000000007','2024-04-17','14:00 - 17:00','Room 102'),
  ('00000008-0000-0000-0000-000000000002','00000005-0000-0000-0000-000000000005','2024-04-15','09:00 - 12:00','Hall A'),
  ('00000008-0000-0000-0000-000000000002','00000005-0000-0000-0000-000000000006','2024-04-16','09:00 - 12:00','Room 101'),
  ('00000008-0000-0000-0000-000000000002','00000005-0000-0000-0000-000000000007','2024-04-17','14:00 - 17:00','Room 102'),
  ('00000008-0000-0000-0000-000000000003','00000005-0000-0000-0000-000000000005','2024-04-15','09:00 - 12:00','Hall A'),
  ('00000008-0000-0000-0000-000000000003','00000005-0000-0000-0000-000000000006','2024-04-16','09:00 - 12:00','Room 101'),
  ('00000008-0000-0000-0000-000000000003','00000005-0000-0000-0000-000000000007','2024-04-17','14:00 - 17:00','Room 102'),
  ('00000008-0000-0000-0000-000000000004','00000005-0000-0000-0000-000000000009','2024-04-15','09:00 - 12:00','Room 201'),
  ('00000008-0000-0000-0000-000000000004','00000005-0000-0000-0000-000000000010','2024-04-16','14:00 - 17:00','Room 201'),
  ('00000008-0000-0000-0000-000000000005','00000005-0000-0000-0000-000000000005','2024-04-15','09:00 - 12:00','Hall A'),
  ('00000008-0000-0000-0000-000000000005','00000005-0000-0000-0000-000000000006','2024-04-16','09:00 - 12:00','Room 101'),
  ('00000008-0000-0000-0000-000000000005','00000005-0000-0000-0000-000000000007','2024-04-17','14:00 - 17:00','Room 102'),
  ('00000008-0000-0000-0000-000000000006','00000005-0000-0000-0000-000000000009','2024-04-15','09:00 - 12:00','Room 201'),
  ('00000008-0000-0000-0000-000000000006','00000005-0000-0000-0000-000000000010','2024-04-16','14:00 - 17:00','Room 201'),
  ('00000008-0000-0000-0000-000000000007','00000005-0000-0000-0000-000000000009','2024-04-15','09:00 - 12:00','Room 201'),
  ('00000008-0000-0000-0000-000000000007','00000005-0000-0000-0000-000000000010','2024-04-16','14:00 - 17:00','Room 201'),
  ('00000008-0000-0000-0000-000000000008','00000005-0000-0000-0000-000000000005','2024-04-15','09:00 - 12:00','Hall A'),
  ('00000008-0000-0000-0000-000000000008','00000005-0000-0000-0000-000000000006','2024-04-16','09:00 - 12:00','Room 101'),
  ('00000008-0000-0000-0000-000000000009','00000005-0000-0000-0000-000000000005','2024-04-15','09:00 - 12:00','Hall A'),
  ('00000008-0000-0000-0000-000000000009','00000005-0000-0000-0000-000000000006','2024-04-16','09:00 - 12:00','Room 101'),
  ('00000008-0000-0000-0000-000000000009','00000005-0000-0000-0000-000000000007','2024-04-17','14:00 - 17:00','Room 102');

-- Seat Allocations (15 seats)
INSERT INTO seat_allocations (student_id, room_id, subject_id, seat_number, exam_date, exam_session) VALUES
  ('00000007-0000-0000-0000-000000000001','00000006-0000-0000-0000-000000000004','00000005-0000-0000-0000-000000000005','A1','2024-04-15','morning'),
  ('00000007-0000-0000-0000-000000000002','00000006-0000-0000-0000-000000000004','00000005-0000-0000-0000-000000000005','A2','2024-04-15','morning'),
  ('00000007-0000-0000-0000-000000000004','00000006-0000-0000-0000-000000000004','00000005-0000-0000-0000-000000000005','A3','2024-04-15','morning'),
  ('00000007-0000-0000-0000-000000000005','00000006-0000-0000-0000-000000000004','00000005-0000-0000-0000-000000000005','A4','2024-04-15','morning'),
  ('00000007-0000-0000-0000-000000000006','00000006-0000-0000-0000-000000000004','00000005-0000-0000-0000-000000000005','B1','2024-04-15','morning'),
  ('00000007-0000-0000-0000-000000000013','00000006-0000-0000-0000-000000000004','00000005-0000-0000-0000-000000000005','B2','2024-04-15','morning'),
  ('00000007-0000-0000-0000-000000000014','00000006-0000-0000-0000-000000000004','00000005-0000-0000-0000-000000000005','B3','2024-04-15','morning'),
  ('00000007-0000-0000-0000-000000000015','00000006-0000-0000-0000-000000000001','00000005-0000-0000-0000-000000000005','A1','2024-04-15','morning'),
  ('00000007-0000-0000-0000-000000000007','00000006-0000-0000-0000-000000000003','00000005-0000-0000-0000-000000000009','A1','2024-04-15','morning'),
  ('00000007-0000-0000-0000-000000000009','00000006-0000-0000-0000-000000000003','00000005-0000-0000-0000-000000000009','A2','2024-04-15','morning'),
  ('00000007-0000-0000-0000-000000000010','00000006-0000-0000-0000-000000000003','00000005-0000-0000-0000-000000000009','A3','2024-04-15','morning'),
  ('00000007-0000-0000-0000-000000000016','00000006-0000-0000-0000-000000000003','00000005-0000-0000-0000-000000000009','A4','2024-04-15','morning'),
  ('00000007-0000-0000-0000-000000000017','00000006-0000-0000-0000-000000000003','00000005-0000-0000-0000-000000000009','B1','2024-04-15','morning'),
  ('00000007-0000-0000-0000-000000000001','00000006-0000-0000-0000-000000000001','00000005-0000-0000-0000-000000000006','A1','2024-04-16','morning'),
  ('00000007-0000-0000-0000-000000000004','00000006-0000-0000-0000-000000000001','00000005-0000-0000-0000-000000000006','A2','2024-04-16','morning');

-- Question Papers (7 papers across multiple approval stages)
INSERT INTO question_papers (id, subject_id, exam_date, total_marks, duration_hours, status, created_by, approved_by) VALUES
  ('00000009-0000-0000-0000-000000000001','00000005-0000-0000-0000-000000000005','2024-04-15',80,3,'finalized','Dr. R. Sharma','Dr. V. Patel'),
  ('00000009-0000-0000-0000-000000000002','00000005-0000-0000-0000-000000000006','2024-04-16',80,3,'approved','Dr. A. Kumar','Dr. P. Singh'),
  ('00000009-0000-0000-0000-000000000003','00000005-0000-0000-0000-000000000007','2024-04-17',80,3,'pending','Prof. S. Reddy',NULL),
  ('00000009-0000-0000-0000-000000000004','00000005-0000-0000-0000-000000000009','2024-04-15',80,3,'finalized','Dr. M. Verma','Dr. K. Pillai'),
  ('00000009-0000-0000-0000-000000000005','00000005-0000-0000-0000-000000000010','2024-04-16',80,3,'approved','Dr. R. Gupta','Dr. D. Anand'),
  ('00000009-0000-0000-0000-000000000006','00000005-0000-0000-0000-000000000001','2024-04-18',80,3,'draft','Prof. T. Bose',NULL),
  ('00000009-0000-0000-0000-000000000007','00000005-0000-0000-0000-000000000002','2024-04-19',80,3,'pending','Dr. L. Nair',NULL)
ON CONFLICT (id) DO NOTHING;

-- Questions (18 questions across subjects)
INSERT INTO questions (subject_id, question_text, marks, difficulty) VALUES
  ('00000005-0000-0000-0000-000000000005','Explain the concept of overfitting in machine learning and how regularization techniques address it.',10,'medium'),
  ('00000005-0000-0000-0000-000000000005','What is a confusion matrix? Derive precision, recall, and F1-score with a numerical example.',10,'easy'),
  ('00000005-0000-0000-0000-000000000005','Compare supervised and unsupervised learning with real-world applications.',15,'medium'),
  ('00000005-0000-0000-0000-000000000005','Implement a decision tree classifier from scratch. Explain the Gini impurity criterion.',20,'hard'),
  ('00000005-0000-0000-0000-000000000005','Describe the k-means clustering algorithm step-by-step with a worked example.',15,'medium'),
  ('00000005-0000-0000-0000-000000000006','Explain the TCP/IP protocol stack with a diagram describing the role of each layer.',15,'easy'),
  ('00000005-0000-0000-0000-000000000006','What are the differences between TCP and UDP? Provide two use cases for each protocol.',10,'easy'),
  ('00000005-0000-0000-0000-000000000006','Describe DHCP IP address assignment process including DORA exchange in detail.',15,'medium'),
  ('00000005-0000-0000-0000-000000000006','Explain cloud service models IaaS, PaaS, and SaaS with industry examples.',10,'easy'),
  ('00000005-0000-0000-0000-000000000006','What is serverless computing? Compare AWS Lambda and Azure Functions.',15,'hard'),
  ('00000005-0000-0000-0000-000000000007','What is software engineering? Explain all SDLC phases with a labeled diagram.',10,'easy'),
  ('00000005-0000-0000-0000-000000000007','Compare Waterfall and Agile methodologies. When is each approach preferred?',15,'medium'),
  ('00000005-0000-0000-0000-000000000007','Explain UML class and sequence diagrams with illustrative examples.',15,'medium'),
  ('00000005-0000-0000-0000-000000000009','Explain CMOS fabrication process step-by-step and its advantages over NMOS technology.',20,'hard'),
  ('00000005-0000-0000-0000-000000000009','What is timing analysis in VLSI? Explain setup and hold time violations with waveforms.',15,'medium'),
  ('00000005-0000-0000-0000-000000000009','Describe the place and route process in physical design of a digital IC.',15,'hard'),
  ('00000005-0000-0000-0000-000000000010','What is an RTOS? Compare FreeRTOS scheduling with a bare-metal approach.',10,'medium'),
  ('00000005-0000-0000-0000-000000000010','Explain I2C and SPI protocols with timing diagrams and frame formats.',15,'medium');

-- Mark Entries (22 entries across students)
INSERT INTO mark_entries (student_id, subject_id, academic_year_id, internal_marks, internal_max, external_marks, external_max, total_marks, grade, status) VALUES
  ('00000007-0000-0000-0000-000000000001','00000005-0000-0000-0000-000000000005','a1000000-0000-0000-0000-000000000001',18,20,65,80,83,'A','verified'),
  ('00000007-0000-0000-0000-000000000001','00000005-0000-0000-0000-000000000006','a1000000-0000-0000-0000-000000000001',16,20,60,80,76,'B+','verified'),
  ('00000007-0000-0000-0000-000000000001','00000005-0000-0000-0000-000000000007','a1000000-0000-0000-0000-000000000001',17,20,68,80,85,'A','submitted'),
  ('00000007-0000-0000-0000-000000000002','00000005-0000-0000-0000-000000000005','a1000000-0000-0000-0000-000000000001',15,20,58,80,73,'B+','submitted'),
  ('00000007-0000-0000-0000-000000000002','00000005-0000-0000-0000-000000000006','a1000000-0000-0000-0000-000000000001',12,20,50,80,62,'B','submitted'),
  ('00000007-0000-0000-0000-000000000003','00000005-0000-0000-0000-000000000005','a1000000-0000-0000-0000-000000000001',12,20,NULL,80,NULL,NULL,'pending'),
  ('00000007-0000-0000-0000-000000000004','00000005-0000-0000-0000-000000000005','a1000000-0000-0000-0000-000000000001',19,20,72,80,91,'A+','verified'),
  ('00000007-0000-0000-0000-000000000004','00000005-0000-0000-0000-000000000006','a1000000-0000-0000-0000-000000000001',18,20,71,80,89,'A','verified'),
  ('00000007-0000-0000-0000-000000000004','00000005-0000-0000-0000-000000000007','a1000000-0000-0000-0000-000000000001',20,20,75,80,95,'O','verified'),
  ('00000007-0000-0000-0000-000000000006','00000005-0000-0000-0000-000000000005','a1000000-0000-0000-0000-000000000001',17,20,67,80,84,'A','verified'),
  ('00000007-0000-0000-0000-000000000006','00000005-0000-0000-0000-000000000006','a1000000-0000-0000-0000-000000000001',16,20,63,80,79,'B+','submitted'),
  ('00000007-0000-0000-0000-000000000007','00000005-0000-0000-0000-000000000009','a1000000-0000-0000-0000-000000000001',16,20,62,80,78,'B+','submitted'),
  ('00000007-0000-0000-0000-000000000007','00000005-0000-0000-0000-000000000010','a1000000-0000-0000-0000-000000000001',15,20,58,80,73,'B+','submitted'),
  ('00000007-0000-0000-0000-000000000009','00000005-0000-0000-0000-000000000009','a1000000-0000-0000-0000-000000000001',17,20,64,80,81,'A','verified'),
  ('00000007-0000-0000-0000-000000000010','00000005-0000-0000-0000-000000000009','a1000000-0000-0000-0000-000000000001',20,20,74,80,94,'O','verified'),
  ('00000007-0000-0000-0000-000000000013','00000005-0000-0000-0000-000000000005','a1000000-0000-0000-0000-000000000001',15,20,59,80,74,'B+','submitted'),
  ('00000007-0000-0000-0000-000000000014','00000005-0000-0000-0000-000000000005','a1000000-0000-0000-0000-000000000001',18,20,70,80,88,'A','verified'),
  ('00000007-0000-0000-0000-000000000014','00000005-0000-0000-0000-000000000006','a1000000-0000-0000-0000-000000000001',19,20,73,80,92,'O','verified'),
  ('00000007-0000-0000-0000-000000000016','00000005-0000-0000-0000-000000000009','a1000000-0000-0000-0000-000000000001',16,20,62,80,78,'B+','submitted'),
  ('00000007-0000-0000-0000-000000000017','00000005-0000-0000-0000-000000000009','a1000000-0000-0000-0000-000000000001',14,20,55,80,69,'B','submitted'),
  ('00000007-0000-0000-0000-000000000020','00000005-0000-0000-0000-000000000005','a1000000-0000-0000-0000-000000000001',10,20,NULL,80,NULL,NULL,'pending'),
  ('00000007-0000-0000-0000-000000000015','00000005-0000-0000-0000-000000000005','a1000000-0000-0000-0000-000000000001',13,20,NULL,80,NULL,NULL,'pending')
ON CONFLICT (student_id, subject_id, academic_year_id) DO NOTHING;

-- Revaluation Requests
INSERT INTO revaluation_requests (student_id, subject_id, original_marks, reason, status) VALUES
  ('00000007-0000-0000-0000-000000000012','00000005-0000-0000-0000-000000000003',45,'Answer not evaluated properly in Question 3','pending'),
  ('00000007-0000-0000-0000-000000000011','00000005-0000-0000-0000-000000000001',38,'Partial marks not awarded for step-by-step derivation','approved'),
  ('00000007-0000-0000-0000-000000000008','00000005-0000-0000-0000-000000000008',52,'Marks addition error in final section','completed'),
  ('00000007-0000-0000-0000-000000000003','00000005-0000-0000-0000-000000000006',29,'Incomplete evaluation of long answer question 5','pending'),
  ('00000007-0000-0000-0000-000000000005','00000005-0000-0000-0000-000000000005',39,'Answer was cut off during scanning','pending');

UPDATE revaluation_requests
SET revised_marks = 58
WHERE student_id = '00000007-0000-0000-0000-000000000008'
  AND subject_id = '00000005-0000-0000-0000-000000000008'
  AND status = 'completed';

-- Results (8 records: published, approved, pending)
INSERT INTO results (student_id, academic_year_id, semester_number, total_marks, obtained_marks, percentage, gpa, cgpa, result, status) VALUES
  ('00000007-0000-0000-0000-000000000001','a1000000-0000-0000-0000-000000000001',6,300,244,81.33,8.13,7.98,'pass','approved'),
  ('00000007-0000-0000-0000-000000000002','a1000000-0000-0000-0000-000000000001',6,300,208,69.33,6.93,7.21,'pass','pending'),
  ('00000007-0000-0000-0000-000000000004','a1000000-0000-0000-0000-000000000001',6,300,275,91.67,9.17,8.89,'pass','published'),
  ('00000007-0000-0000-0000-000000000006','a1000000-0000-0000-0000-000000000001',6,300,239,79.67,7.93,7.65,'pass','approved'),
  ('00000007-0000-0000-0000-000000000007','a1000000-0000-0000-0000-000000000001',6,200,151,75.50,7.55,7.78,'pass','pending'),
  ('00000007-0000-0000-0000-000000000009','a1000000-0000-0000-0000-000000000001',6,200,162,81.00,8.10,8.34,'pass','published'),
  ('00000007-0000-0000-0000-000000000010','a1000000-0000-0000-0000-000000000001',6,200,188,94.00,9.40,9.12,'pass','published'),
  ('00000007-0000-0000-0000-000000000014','a1000000-0000-0000-0000-000000000001',6,300,269,89.67,8.97,8.75,'pass','approved')
ON CONFLICT (student_id, academic_year_id, semester_number) DO NOTHING;

-- Reports History (6 records)
INSERT INTO reports (type, title, generated_by, format, created_at) VALUES
  ('pass-percentage','Overall Pass Percentage Report - April 2024','Admin','pdf',NOW() - INTERVAL '30 days'),
  ('subject-wise','Subject Wise Analysis - CSE Sem 6','Dr. R. Sharma','excel',NOW() - INTERVAL '25 days'),
  ('department','Department Wise Analysis - Semester 6','Admin','pdf',NOW() - INTERVAL '20 days'),
  ('university','University Consolidated Report 2024','Controller of Exams','pdf',NOW() - INTERVAL '15 days'),
  ('hall-ticket','Hall Ticket Distribution Report - Sem 6','Exam Coordinator','excel',NOW() - INTERVAL '10 days'),
  ('result','Final Result Gazette - Sem 6 2024','Admin','pdf',NOW() - INTERVAL '5 days');
